power,method
0.40995158577806,mcmc
0.429653946107452,mcmc
0.433961047164079,mcmc
0.420963530995768,mcmc
0.411357637597927,mcmc
0.45094351787341,mcmc
0.435413479450168,mcmc
0.413829354463082,mcmc
0.41881229656358,mcmc
0.431593674047283,mcmc
0.41667571101608,mcmc
0.407898988716909,mcmc
0.466169423619034,mcmc
0.428178982450443,mcmc
0.426855847356174,mcmc
0.437216359223971,mcmc
0.445942593022433,mcmc
0.428734848289745,mcmc
0.442337867777204,mcmc
0.44647066947584,mcmc
0.42025541739573,mcmc
0.428677600987562,mcmc
0.452157943539614,mcmc
0.430753647223779,mcmc
0.443734870302949,mcmc
0.43098528737194,mcmc
0.432523182266497,mcmc
0.440566354728194,mcmc
0.441628995391616,mcmc
0.456956791159381,mcmc
0.441598503090724,mcmc
0.430623482007722,mcmc
0.416403477326489,mcmc
0.430341113424227,mcmc
0.463513161440613,mcmc
0.427320960861372,mcmc
0.440684031881081,mcmc
0.431764805007852,mcmc
0.437101389098801,mcmc
0.432486994699309,mcmc
0.442203555443592,mcmc
0.408321543934382,mcmc
0.414437999332979,mcmc
0.436128854318851,mcmc
0.441284988274213,mcmc
0.429635741052003,mcmc
0.434616127977214,mcmc
0.444201702012612,mcmc
0.424095654445048,mcmc
0.42845731322404,mcmc
0.420781234016212,mcmc
0.427657842796175,mcmc
0.437935160521498,mcmc
0.444587922043465,mcmc
0.442579389591699,mcmc
0.442759923586457,mcmc
0.425283206119205,mcmc
0.418749804956497,mcmc
0.43342848041164,mcmc
0.440206089772361,mcmc
0.450527513446445,mcmc
0.447709623094294,mcmc
0.455316894116814,mcmc
0.428198388277239,mcmc
0.443505204605762,mcmc
0.416453585886399,mcmc
0.426766958549333,mcmc
0.427616931197229,mcmc
0.440677342122439,mcmc
0.434966697142191,mcmc
0.426344865557388,mcmc
0.431608567218505,mcmc
0.422202423288223,mcmc
0.438477838396706,mcmc
0.418981678488475,mcmc
0.433149486688305,mcmc
0.443160412719414,mcmc
0.429950420826356,mcmc
0.439951811800323,mcmc
0.457537803068509,mcmc
0.415562089823246,mcmc
0.433017694336446,mcmc
0.419273657101162,mcmc
0.454194116349214,mcmc
0.427332889569195,mcmc
0.422495206323585,mcmc
0.445968200870112,mcmc
0.446176898315259,mcmc
0.429897889323605,mcmc
0.449023195607332,mcmc
0.462080759370767,mcmc
0.462223376513183,mcmc
0.438650635716112,mcmc
0.408101541447377,mcmc
0.444672989112613,mcmc
0.422343325595052,mcmc
0.453955161739678,mcmc
0.416178462101877,mcmc
0.436931593802079,mcmc
0.4209106966384,mcmc
0.434442231448627,mcmc
0.452129999531076,mcmc
0.425106525154822,mcmc
0.419635357373267,mcmc
0.476983139775865,mcmc
0.457104774175097,mcmc
0.437379589040726,mcmc
0.434029129885958,mcmc
0.451705545501259,mcmc
0.437266239594117,mcmc
0.439025970053923,mcmc
0.442407465318999,mcmc
0.438005711717036,mcmc
0.447507813189724,mcmc
0.436703966004653,mcmc
0.423427474513903,mcmc
0.438691694378231,mcmc
0.433231336902687,mcmc
0.445674654328523,mcmc
0.451316324059317,mcmc
0.430447453434492,mcmc
0.444881689552792,mcmc
0.430088923353704,mcmc
0.457816301295727,mcmc
0.446411371867051,mcmc
0.44497353030967,mcmc
0.444117041891159,mcmc
0.424312339076126,mcmc
0.43138645567423,mcmc
0.44802421888831,mcmc
0.432967364372715,mcmc
0.420265635418345,mcmc
0.44133660243471,mcmc
0.4384893197319,mcmc
0.431776576272289,mcmc
0.435407775037333,mcmc
0.4301502405592,mcmc
0.435655817395586,mcmc
0.432763352190998,mcmc
0.452281594752049,mcmc
0.422502795420068,mcmc
0.450560391942708,mcmc
0.442555237154836,mcmc
0.436500494539257,mcmc
0.438324632916357,mcmc
0.445411396733259,mcmc
0.419250126073998,mcmc
0.438806326773672,mcmc
0.409403888353736,mcmc
0.416824977383215,mcmc
0.422233668353997,mcmc
0.427212723522989,mcmc
0.441694364720548,mcmc
0.450841100253185,mcmc
0.461850366724954,mcmc
0.440141544730073,mcmc
0.421239408875294,mcmc
0.423197549608356,mcmc
0.442132409725713,mcmc
0.456577330941434,mcmc
0.438542092841353,mcmc
0.438078361601401,mcmc
0.464935597197889,mcmc
0.423983908176387,mcmc
0.441010889605935,mcmc
0.426955181012206,mcmc
0.439419195724559,mcmc
0.44136128200221,mcmc
0.454173841902349,mcmc
0.428780792773108,mcmc
0.396485043852074,mcmc
0.431231568965926,mcmc
0.422536838053225,mcmc
0.432187899743584,mcmc
0.428235804465022,mcmc
0.413508266811048,mcmc
0.42541851396999,mcmc
0.452393767581113,mcmc
0.43525485988279,mcmc
0.422356326642482,mcmc
0.456111705077788,mcmc
0.432492893889891,mcmc
0.425032979767584,mcmc
0.457119021908794,mcmc
0.448799902131557,mcmc
0.424357579941246,mcmc
0.44315782973494,mcmc
0.440425456465764,mcmc
0.431439755256627,mcmc
0.443730789595675,mcmc
0.433380241996523,mcmc
0.426783066244132,mcmc
0.438996549650457,mcmc
0.445287000117651,mcmc
0.451774185522753,mcmc
0.419191231218805,mcmc
0.431685435465896,mcmc
0.438907951095179,mcmc
0.4219216446602,mcmc
0.430949703437399,mcmc
0.435609004061146,mcmc
0.44289046914908,mcmc
0.434837083079082,mcmc
0.428238917552699,mcmc
0.455857121541501,mcmc
0.440634199264742,mcmc
0.438682369180383,mcmc
0.44406647623089,mcmc
0.422729801737052,mcmc
0.436332493971474,mcmc
0.409929581369162,mcmc
0.428470867158775,mcmc
0.430005861077898,mcmc
0.429864010068127,mcmc
0.439528661377506,mcmc
0.427614514472545,mcmc
0.447455820436943,mcmc
0.447864597482453,mcmc
0.449701499734084,mcmc
0.431313002868582,mcmc
0.448006387194594,mcmc
0.438647982927926,mcmc
0.429234365130004,mcmc
0.437311960805199,mcmc
0.429920828945744,mcmc
0.450204144415623,mcmc
0.427276791232382,mcmc
0.437464226637774,mcmc
0.441483323210095,mcmc
0.431093329055753,mcmc
0.425554760477805,mcmc
0.432427544342091,mcmc
0.439360333295654,mcmc
0.427685863414551,mcmc
0.444912441738825,mcmc
0.414748511224233,mcmc
0.436904668865149,mcmc
0.450072419178664,mcmc
0.446133190829555,mcmc
0.418056530003313,mcmc
0.416445516533152,mcmc
0.441394810141333,mcmc
0.440242075091406,mcmc
0.413962373031091,mcmc
0.417019715551377,mcmc
0.442396025963928,mcmc
0.423154603314508,mcmc
0.435301307865116,mcmc
0.418221570637934,mcmc
0.459780115787166,mcmc
0.435771461424084,mcmc
0.444362165012985,mcmc
0.45497154812739,mcmc
0.421212790120476,mcmc
0.432228182278412,mcmc
0.452628698064028,mcmc
0.431138989253438,mcmc
0.449316461598623,mcmc
0.415753374545959,mcmc
0.433612764659639,mcmc
0.43528243422464,mcmc
0.430458277965029,mcmc
0.442496588077812,mcmc
0.438643552858334,mcmc
0.437771093115335,mcmc
0.427055729908921,mcmc
0.432534907813821,mcmc
0.427681800412359,mcmc
0.420434840604758,mcmc
0.432668440039031,mcmc
0.456859305129402,mcmc
0.435339691084142,mcmc
0.452506718646718,mcmc
0.434607086289094,mcmc
0.437078796931393,mcmc
0.419422194246133,mcmc
0.435453869061402,mcmc
0.434894993982668,mcmc
0.407467273591278,mcmc
0.432152569744487,mcmc
0.433766759547987,mcmc
0.430943249085191,mcmc
0.423046800382391,mcmc
0.450356873935847,mcmc
0.446287879271724,mcmc
0.417072295545122,mcmc
0.422717166358336,mcmc
0.433654138887677,mcmc
0.407022251911722,mcmc
0.431414176490475,mcmc
0.421506150429358,mcmc
0.424078501272993,mcmc
0.46255885856582,mcmc
0.439390923877111,mcmc
0.435673097008455,mcmc
0.428941648550626,mcmc
0.456732516190575,mcmc
0.41706218030806,mcmc
0.439798237449393,mcmc
0.444016670527954,mcmc
0.433819723278079,mcmc
0.436323857497539,mcmc
0.46434812320656,mcmc
0.417595623394139,mcmc
0.445057440607811,mcmc
0.428077867738847,mcmc
0.434499855255049,mcmc
0.430558881315844,mcmc
0.431756312416551,mcmc
0.429669408625968,mcmc
0.426636608794755,mcmc
0.437600389307502,mcmc
0.440531818881352,mcmc
0.432554574584078,mcmc
0.435170647377593,mcmc
0.441983201818911,mcmc
0.444426925517383,mcmc
0.426558156557436,mcmc
0.437458340932811,mcmc
0.426346430038257,mcmc
0.433041457344641,mcmc
0.428921736209969,mcmc
0.428283500514292,mcmc
0.439976652010193,mcmc
0.44172609061833,mcmc
0.434674835853743,mcmc
0.430513250542309,mcmc
0.425031264286299,mcmc
0.45070743300852,mcmc
0.438532286682882,mcmc
0.454911095536768,mcmc
0.43272927617117,mcmc
0.467125930313924,mcmc
0.429177614262329,mcmc
0.438769342174154,mcmc
0.437177028485504,mcmc
0.446320432871657,mcmc
0.450642869952723,mcmc
0.431893835567688,mcmc
0.417622801692522,mcmc
0.440713406544384,mcmc
0.426173158395193,mcmc
0.435025989284599,mcmc
0.424441566699602,mcmc
0.425937492723431,mcmc
0.441981388398669,mcmc
0.430799196823726,mcmc
0.436409426084572,mcmc
0.42166509591307,mcmc
0.420648665999902,mcmc
0.430688060696599,mcmc
0.420853815491103,mcmc
0.436786320940802,mcmc
0.436580950062534,mcmc
0.441246191825176,mcmc
0.440696669044493,mcmc
0.455697815487251,mcmc
0.445257294670402,mcmc
0.447625091670283,mcmc
0.440610788312622,mcmc
0.4548712470709,mcmc
0.430224728751214,mcmc
0.394523417009426,mcmc
0.442388894855107,mcmc
0.466466180535916,mcmc
0.426220979744917,mcmc
0.430326489124752,mcmc
0.417990355019346,mcmc
0.436023007970984,mcmc
0.443152733337215,mcmc
0.455975631849076,mcmc
0.432233577222307,mcmc
0.398564497628578,mcmc
0.429879867050873,mcmc
0.434576977547147,mcmc
0.419824770430583,mcmc
0.44773185927913,mcmc
0.44303416551487,mcmc
0.434356652729955,mcmc
0.424051869173287,mcmc
0.454406518884474,mcmc
0.426147479510451,mcmc
0.439738895313559,mcmc
0.4227462327603,mcmc
0.448550625513458,mcmc
0.426313759651081,mcmc
0.408285509628302,mcmc
0.442069753583886,mcmc
0.418076106477421,mcmc
0.43400656420291,mcmc
0.445556104819767,mcmc
0.453439802599887,mcmc
0.441171898984484,mcmc
0.432586152111034,mcmc
0.458131184566954,mcmc
0.419312748983488,mcmc
0.447638530287841,mcmc
0.433383131216554,mcmc
0.428062963397028,mcmc
0.442205462112648,mcmc
0.424907155124837,mcmc
0.434998960789246,mcmc
0.454627307184696,mcmc
0.426486277138334,mcmc
0.422205870690662,mcmc
0.43391009665828,mcmc
0.437499008824063,mcmc
0.421406260148562,mcmc
0.449763525131581,mcmc
0.421594241664701,mcmc
0.420484219177244,mcmc
0.457337820661818,mcmc
0.449552360196541,mcmc
0.418988285740084,mcmc
0.435238253322094,mcmc
0.430702302595661,mcmc
0.452068539759725,mcmc
0.44858021687956,mcmc
0.436791482487802,mcmc
0.447334687642885,mcmc
0.4416742654934,mcmc
0.437495079745554,mcmc
0.44305916821386,mcmc
0.417190687672317,mcmc
0.433035550408403,mcmc
0.438251963288966,mcmc
0.406865083767251,mcmc
0.426005601092221,mcmc
0.426047271313969,mcmc
0.443198643742208,mcmc
0.392576705442833,mcmc
0.425919636092583,mcmc
0.423829413371385,mcmc
0.429862980181308,mcmc
0.429056647720184,mcmc
0.423747212207957,mcmc
0.434068595905382,mcmc
0.437764948494361,mcmc
0.414430577475602,mcmc
0.450395988726691,mcmc
0.432982738518311,mcmc
0.431700703230633,mcmc
0.453088161248976,mcmc
0.454419616710061,mcmc
0.432066175137783,mcmc
0.436401860605038,mcmc
0.441275657580825,mcmc
0.439919698125652,mcmc
0.429792544618175,mcmc
0.42369740957559,mcmc
0.424678929510268,mcmc
0.431743663893917,mcmc
0.43277366175091,mcmc
0.432127898333576,mcmc
0.444272584927261,mcmc
0.428663733887722,mcmc
0.422035553777195,mcmc
0.424784718803103,mcmc
0.442562804715776,mcmc
0.451806140318469,mcmc
0.445923922755396,mcmc
0.451802315962319,mcmc
0.419744830608699,mcmc
0.434580813217735,mcmc
0.439724837008514,mcmc
0.424141121547044,mcmc
0.432433211821098,mcmc
0.460497484967431,mcmc
0.44303898550011,mcmc
0.423211780320589,mcmc
0.453362499719197,mcmc
0.433418236336704,mcmc
0.418483374516512,mcmc
0.435337562144302,mcmc
0.463280891128256,mcmc
0.451869228505214,mcmc
0.455379072891583,mcmc
0.448915338405167,mcmc
0.443651552176458,mcmc
0.43010213763413,mcmc
0.431720269318841,mcmc
0.440696697143565,mcmc
0.433073640308326,mcmc
0.435627219792147,mcmc
0.429471897388783,mcmc
0.452898204814834,mcmc
0.442107096391831,mcmc
0.42965933133472,mcmc
0.447963972669977,mcmc
0.464087530681998,mcmc
0.449042004877997,mcmc
0.455140939779862,mcmc
0.438610541042435,mcmc
0.447589203619129,mcmc
0.427344425051154,mcmc
0.451755379320848,mcmc
0.439117225866871,mcmc
0.414779559659556,mcmc
0.44925292530991,mcmc
0.444309673773794,mcmc
0.447759576674207,mcmc
0.453433859304945,mcmc
0.446497245966295,mcmc
0.428214607956598,mcmc
0.441625955095359,mcmc
0.433962124855207,mcmc
0.435349017188564,mcmc
0.432040518023055,mcmc
0.426288749546155,mcmc
0.455516511947937,mcmc
0.427402522169997,mcmc
0.433500250232148,mcmc
0.441564803726569,mcmc
0.434208797684321,mcmc
0.430690028398146,mcmc
0.440757078555339,mcmc
0.429328489235788,mcmc
0.425498295034148,mcmc
0.422716080221617,mcmc
0.432577343307713,mcmc
0.440972445595085,mcmc
0.427351629989908,mcmc
0.431593394331222,mcmc
0.440096927083625,mcmc
0.429305900421776,mcmc
0.435324021665163,mcmc
0.442937016533163,mcmc
0.42666628658883,mcmc
0.430631716324679,mcmc
0.447626040801395,mcmc
0.433519535230681,mcmc
0.430970647971304,mcmc
0.437222594066622,mcmc
0.423281682714542,mcmc
0.422375250014728,mcmc
0.450953225565554,mcmc
0.431731429949233,mcmc
0.445851758228859,mcmc
0.449257452501769,mcmc
0.411814328042246,mcmc
0.458977720885316,mcmc
0.428220440327485,mcmc
0.405685108400463,mcmc
0.432825387106716,mcmc
0.450095824952791,mcmc
0.444858031847056,mcmc
0.420584406343679,mcmc
0.451121377440086,mcmc
0.432769877322455,mcmc
0.430330889235913,mcmc
0.426675329518969,mcmc
0.429279595041384,mcmc
0.450600549909161,mcmc
0.408701172439438,mcmc
0.436597780458364,mcmc
0.439707327086605,mcmc
0.429367855855832,mcmc
0.43176546899244,mcmc
0.437562591023312,mcmc
0.451862871291044,mcmc
0.417101515582958,mcmc
0.441500559374752,mcmc
0.425289977964747,mcmc
0.458133420176859,mcmc
0.419805449266306,mcmc
0.429124067721677,mcmc
0.431593074864903,mcmc
0.450226158087516,mcmc
0.445356223454618,mcmc
0.420429777307777,mcmc
0.439860597583693,mcmc
0.420516831165946,mcmc
0.429060270494205,mcmc
0.430971555327671,mcmc
0.432218445913308,mcmc
0.435289149141,mcmc
0.445519404441462,mcmc
0.413453796037836,mcmc
0.428210477932802,mcmc
0.441226067466681,mcmc
0.425900429898579,mcmc
0.432268886255052,mcmc
0.451320853852116,mcmc
0.437840362020361,mcmc
0.452794360235646,mcmc
0.436691353177636,mcmc
0.427164818880235,mcmc
0.450193254388312,mcmc
0.42404994756883,mcmc
0.424994768683503,mcmc
0.403138750591786,mcmc
0.451189010997527,mcmc
0.443604164551517,mcmc
0.440839624281093,mcmc
0.42669061290117,mcmc
0.431781888248316,mcmc
0.446963381936855,mcmc
0.425835644575566,mcmc
0.452136156088288,mcmc
0.451682380774392,mcmc
0.463055832649853,mcmc
0.451389982152378,mcmc
0.438903498290901,mcmc
0.438929603035443,mcmc
0.427484363363065,mcmc
0.436364979133523,mcmc
0.413703547126281,mcmc
0.445952719318536,mcmc
0.43922561287905,mcmc
0.445169968256296,mcmc
0.440224966348451,mcmc
0.437865408103837,mcmc
0.409114409039732,mcmc
0.412935629662051,mcmc
0.449455585411314,mcmc
0.428321271475161,mcmc
0.437693531984148,mcmc
0.465740401999883,mcmc
0.431854474748483,mcmc
0.420815553082867,mcmc
0.41466357559962,mcmc
0.434355444636702,mcmc
0.44080382601131,mcmc
0.427627272011854,mcmc
0.454538852438079,mcmc
0.425599045174962,mcmc
0.43324122848334,mcmc
0.438906231095798,mcmc
0.44381206014977,mcmc
0.444686628991407,mcmc
0.429937115775767,mcmc
0.428022619387976,mcmc
0.437050612744783,mcmc
0.430205499896249,mcmc
0.447368431966924,mcmc
0.425242824401325,mcmc
0.447045343890249,mcmc
0.431288458349269,mcmc
0.443641073647593,mcmc
0.436012971688074,mcmc
0.431453195105404,mcmc
0.440084432514192,mcmc
0.418093639806236,mcmc
0.420145694994228,mcmc
0.451875869193934,mcmc
0.424504915700215,mcmc
0.425326108451376,mcmc
0.433117289717244,mcmc
0.420893863914434,mcmc
0.436193486997558,mcmc
0.436222467324214,mcmc
0.422040071161496,mcmc
0.42612793704796,mcmc
0.440420139537453,mcmc
0.4480511613745,mcmc
0.416839912661484,mcmc
0.436555173889095,mcmc
0.448976836216507,mcmc
0.43662610150068,mcmc
0.447515214398478,mcmc
0.424161882846653,mcmc
0.447444229736384,mcmc
0.430630686171924,mcmc
0.429703664224993,mcmc
0.435696670624802,mcmc
0.441614397435702,mcmc
0.454087451282708,mcmc
0.450284473053103,mcmc
0.439739200022938,mcmc
0.4311890407087,mcmc
0.431585624163067,mcmc
0.443005038582314,mcmc
0.437495529996293,mcmc
0.439344683783512,mcmc
0.421605241869428,mcmc
0.429079807610655,mcmc
0.435203216157985,mcmc
0.454275050227206,mcmc
0.442205624052387,mcmc
0.43141935179511,mcmc
0.426743019303077,mcmc
0.453393667310896,mcmc
0.44875794872623,mcmc
0.429201080785969,mcmc
0.445331554006583,mcmc
0.439917701252542,mcmc
0.42660886422612,mcmc
0.411609123319872,mcmc
0.424469241719152,mcmc
0.438006687254345,mcmc
0.4481279765512,mcmc
0.425571399051542,mcmc
0.439713269792199,mcmc
0.442083560722399,mcmc
0.448046088242164,mcmc
0.428845396546972,mcmc
0.443349563815687,mcmc
0.420851759990235,mcmc
0.428730564592907,mcmc
0.439742257970274,mcmc
0.423584107471169,mcmc
0.420335070911189,mcmc
0.433637671300985,mcmc
0.414271761177474,mcmc
0.444535822489624,mcmc
0.466715582027215,mcmc
0.446206091237739,mcmc
0.424593475571562,mcmc
0.413284748895181,mcmc
0.434853006131271,mcmc
0.463351778838993,mcmc
0.418077915861345,mcmc
0.432551596385232,mcmc
0.420726297977338,mcmc
0.444625118336699,mcmc
0.449209845081329,mcmc
0.460212229171814,mcmc
0.454265030088055,mcmc
0.472998748132138,mcmc
0.447359024075209,mcmc
0.418295229905401,mcmc
0.450004221419814,mcmc
0.457949185965688,mcmc
0.432968855672385,mcmc
0.440718081624857,mcmc
0.416543226702177,mcmc
0.439582045126403,mcmc
0.406821081473567,mcmc
0.442449927199539,mcmc
0.45638280016115,mcmc
0.466561647720533,mcmc
0.43848679432877,mcmc
0.444440133117532,mcmc
0.415682688363955,mcmc
0.42151084487391,mcmc
0.41590557101853,mcmc
0.435429489709634,mcmc
0.441145072124042,mcmc
0.442543937669061,mcmc
0.432256922581909,mcmc
0.408878496886402,mcmc
0.442638114533923,mcmc
0.435850358457562,mcmc
0.427708332792839,mcmc
0.448307749864247,mcmc
0.459185882322767,mcmc
0.426242293983462,mcmc
0.42546752590298,mcmc
0.436804535983436,mcmc
0.429169691793577,mcmc
0.441571265060865,mcmc
0.4354020256369,mcmc
0.445669167279213,mcmc
0.449193653109889,mcmc
0.43996112842377,mcmc
0.422590541564017,mcmc
0.426434478129641,mcmc
0.431137558257715,mcmc
0.427435460330983,mcmc
0.429152814452963,mcmc
0.428932883545041,mcmc
0.430239173123416,mcmc
0.43612685574394,mcmc
0.436896368161145,mcmc
0.431911655324647,mcmc
0.43225482832417,mcmc
0.433089746447735,mcmc
0.435143966805407,mcmc
0.430257399591075,mcmc
0.433482840800831,mcmc
0.461682266890375,mcmc
0.450015823510074,mcmc
0.454779717570171,mcmc
0.439960326055965,mcmc
0.432259526503871,mcmc
0.429810277027882,mcmc
0.426267402169134,mcmc
0.43219725657051,mcmc
0.427369327324349,mcmc
0.443916475168971,mcmc
0.436938235061379,mcmc
0.438256677083936,mcmc
0.44008662646242,mcmc
0.435219153183538,mcmc
0.431536661853772,mcmc
0.420074976163723,mcmc
0.439140243185723,mcmc
0.459177210056851,mcmc
0.449012258069312,mcmc
0.428436333123099,mcmc
0.437475241886366,mcmc
0.427575073539159,mcmc
0.44177495626915,mcmc
0.417444973864963,mcmc
0.438647986682754,mcmc
0.428127582048398,mcmc
0.43669294194747,mcmc
0.44212277693055,mcmc
0.443284688505833,mcmc
0.433994041561486,mcmc
0.418256128034918,mcmc
0.411311485651039,mcmc
0.424880838303844,mcmc
0.427699000704417,mcmc
0.446294325382516,mcmc
0.456353433181688,mcmc
0.429837562548517,mcmc
0.450816376456007,mcmc
0.441173593058944,mcmc
0.443739360863322,mcmc
0.428907681704364,mcmc
0.435457364181918,mcmc
0.43569004130095,mcmc
0.432129934546745,mcmc
0.435705450276668,mcmc
0.439643031489611,mcmc
0.445597404214822,mcmc
0.442923173385538,mcmc
0.450877523384255,mcmc
0.444264003065926,mcmc
0.436459485624402,mcmc
0.447651076210419,mcmc
0.430958571088128,mcmc
0.424594348635585,mcmc
0.446675761238001,mcmc
0.434124017127906,mcmc
0.423601656855151,mcmc
0.44405823102574,mcmc
0.438116956804384,mcmc
0.435876103928851,mcmc
0.441485386929992,mcmc
0.427576765846747,mcmc
0.442096892660492,mcmc
0.42544763300017,mcmc
0.413554428742699,mcmc
0.44747408863545,mcmc
0.418059041571406,mcmc
0.440583775222529,mcmc
0.446161765043655,mcmc
0.434030916061507,mcmc
0.449884191628861,mcmc
0.426653459465141,mcmc
0.428626606094263,mcmc
0.419650096585354,mcmc
0.420286861986859,mcmc
0.436205203027679,mcmc
0.4426891380258,mcmc
0.44144775885795,mcmc
0.433530566582193,mcmc
0.430383551819221,mcmc
0.430204967212742,mcmc
0.440048558913426,mcmc
0.44556993216235,mcmc
0.435646620120008,mcmc
0.449346587401521,mcmc
0.430724146054537,mcmc
0.441738883741092,mcmc
0.440384290117729,mcmc
0.456507644314486,mcmc
0.417933937982229,mcmc
0.437002484534572,mcmc
0.421402083017139,mcmc
0.408704778335734,mcmc
0.428991604325711,mcmc
0.43490331049594,mcmc
0.421314056632727,mcmc
0.439597656486098,mcmc
0.449954531281847,mcmc
0.444899746457284,mcmc
0.436465771957554,mcmc
0.428773281291407,mcmc
0.423483799877705,mcmc
0.451905531372524,mcmc
0.418300937651446,mcmc
0.451192393935435,mcmc
0.436896575897415,mcmc
0.423739878188859,mcmc
0.433890872257348,mcmc
0.42767578008813,mcmc
0.42716507992845,mcmc
0.437204056308644,mcmc
0.447767550169538,mcmc
0.430757800475199,mcmc
0.438902439659706,mcmc
0.442899039904934,mcmc
0.434337194983402,mcmc
0.433481879152166,mcmc
0.437997747726933,mcmc
0.413536615230815,mcmc
0.431147294050102,mcmc
0.422586367630692,mcmc
0.439106832290931,mcmc
0.423183189506211,mcmc
0.420787065750565,mcmc
0.446129279065527,mcmc
0.436659012575041,mcmc
0.429544548043394,mcmc
0.43973219151061,mcmc
0.41444356690979,mcmc
0.427005889926402,mcmc
0.416475303036612,mcmc
0.438113355720036,mcmc
0.436424598220409,mcmc
0.473741717574873,mcmc
0.444054717743713,mcmc
0.444118922390613,mcmc
0.439824441211229,mcmc
0.444293493894248,mcmc
0.423149008965008,mcmc
0.464632017324792,mcmc
0.416216904575141,mcmc
0.437627462874386,mcmc
0.442036646637208,mcmc
0.431456158205517,mcmc
0.43221505164059,mcmc
0.4144910033591,mcmc
0.414759722772883,mcmc
0.406902099170403,mcmc
0.464143272287332,mcmc
0.450958893295272,mcmc
0.453755681958006,mcmc
0.434845192513271,mcmc
0.423532195952407,mcmc
0.449085504046826,mcmc
0.430953065592129,mcmc
0.434272058581103,mcmc
0.416924915194032,mcmc
0.436769233405514,mcmc
0.453598590364306,mcmc
0.438197649977857,mcmc
0.415540407185775,mcmc
0.442846873581245,mcmc
0.446640971285755,mcmc
0.431592147989943,mcmc
0.429524912208436,mcmc
0.417565138282669,mcmc
0.43876276992818,mcmc
0.421335908585824,mcmc
0.43037944628397,mcmc
0.451771822528225,mcmc
0.42763205649171,mcmc
0.439179619742834,mcmc
0.434090108582799,mcmc
0.41736944876793,mcmc
0.429975481354671,mcmc
0.439297687850593,mcmc
0.453365986014732,mcmc
0.431257057057486,mcmc
0.408406024813071,mcmc
0.445063011521249,mcmc
0.428095346799138,mcmc
0.433540054518498,mcmc
0.430816725645069,mcmc
0.436713974950245,mcmc
0.44305382254395,mcmc
0.411981259798266,mcmc
0.439835642397634,mcmc
0.414772216072186,mcmc
0.423733838787533,mcmc
0.446710631776841,mcmc
0.433522707383279,mcmc
0.429918485664401,mcmc
0.429420758952524,mcmc
0.41976800984546,mcmc
0.453780105194089,mcmc
0.463015258010058,mcmc
0.4182288188317,mcmc
0.419567817059448,mcmc
0.420319245382481,mcmc
0.423009645663395,mcmc
0.458408083786416,mcmc
0.45503441621428,mcmc
0.433791111028761,mcmc
0.461413539647902,mcmc
0.439462114062253,mcmc
0.449966816096793,mcmc
0.416235637524896,mcmc
0.426015763946175,mcmc
0.468667461826988,mcmc
0.444064976495253,mcmc
0.455797787376722,mcmc
0.45379639664861,mcmc
0.432016192758885,mcmc
0.412030153786997,mcmc
0.432600843855329,mcmc
0.445451832107885,mcmc
0.443372612586458,mcmc
0.448424664524882,mcmc
0.440371666850076,mcmc
0.464363795480395,mcmc
0.435613197396799,mcmc
0.434347753199306,mcmc
0.418030850878275,mcmc
0.449068962530019,mcmc
0.444790883915146,mcmc
0.428741817869014,mcmc
0.438867749249079,mcmc
0.440116848021779,mcmc
0.446541928239079,mcmc
0.424047343271445,mcmc
0.433731358903315,mcmc
0.414460415499966,mcmc
0.427874612604152,mcmc
0.429935565403708,mcmc
0.431397376767707,mcmc
0.428581759449269,mcmc
0.438622965340376,mcmc
0.416095157721984,mcmc
0.457864417629339,mcmc
0.436612808664851,mcmc
0.463162445628179,mcmc
0.446641363684473,mcmc
0.437267840849303,mcmc
0.441084032066375,mcmc
0.437229133337913,mcmc
0.445547229035761,mcmc
0.42381240130273,mcmc
0.421974103909972,mcmc
0.432798717086219,mcmc
0.435742556800677,mcmc
0.454335356439306,mcmc
0.448068810372123,mcmc
0.441883778575575,mcmc
0.463434838378848,mcmc
0.420850708967303,mcmc
0.458858565545555,mcmc
0.430807364538764,mcmc
0.44742390435598,mcmc
0.431856810992687,mcmc
0.432045356660807,mcmc
0.446177315150187,mcmc
0.422434835520495,mcmc
0.422864601095513,mcmc
0.472272247050338,mcmc
0.448256117887711,mcmc
0.433158596198869,mcmc
0.414568817691792,mcmc
0.461196657231348,mcmc
0.448610733700828,mcmc
0.446171823623611,mcmc
0.412494602346174,mcmc
0.441328364241664,mcmc
0.4352789831794,mcmc
0.444143602912969,mcmc
0.450602634089358,mcmc
0.426600099742535,mcmc
0.443622144516466,mcmc
0.430729991564787,mcmc
0.439395637668191,mcmc
0.453748994205845,mcmc
0.466824792881957,mcmc
0.450098142793119,mcmc
0.450301311493156,mcmc
0.417303684303547,mcmc
0.436300040509852,mcmc
0.444452123405498,mcmc
0.442922670036008,mcmc
0.45436540534082,mcmc
0.426560181790564,mcmc
0.430541452545145,mcmc
0.463622359502252,mcmc
0.421631679838634,mcmc
0.436173202269621,mcmc
0.450005544414652,mcmc
0.429385123295679,mcmc
0.438468125611244,mcmc
0.415774056872175,mcmc
0.441456899646031,mcmc
0.444596320907758,mcmc
0.446731479847906,mcmc
0.439519513963652,mcmc
0.420354972329012,mcmc
0.429190824874258,mcmc
0.444408263389571,mcmc
0.432146845306981,mcmc
0.419059166357247,mcmc
0.417624500623536,mcmc
0.432842869731942,mcmc
0.445856151835167,mcmc
0.44659051471633,mcmc
0.441910891103587,mcmc
0.443422461242395,mcmc
0.43494836308558,mcmc
0.457177626383646,mcmc
0.436178387890924,mcmc
0.41852194844675,mcmc
0.446477360494022,mcmc
0.429461831294737,mcmc
0.439744811195589,mcmc
0.467517730008968,mcmc
0.445805465773958,mcmc
0.445064855402295,mcmc
0.462980021643111,mcmc
0.44418693245684,mcmc
0.431306698086698,mcmc
0.426470379341198,mcmc
0.430090248485303,mcmc
0.450485256699973,mcmc
0.439178206363011,mcmc
0.442387559356836,mcmc
0.441553824789748,mcmc
0.458733715306612,mcmc
0.426497683913276,mcmc
0.445270934262411,mcmc
0.441875617033399,mcmc
0.44646224785532,mcmc
0.438938038045199,mcmc
0.426131673553314,mcmc
0.437589579458649,mcmc
0.40875934514624,mcmc
0.442908125822862,mcmc
0.432839438066416,mcmc
0.428366809130337,mcmc
0.424698982411834,mcmc
0.455897236854828,mcmc
0.424518421030611,mcmc
0.43986929203928,mcmc
0.416242721354687,mcmc
0.448999582005981,mcmc
0.439651396669916,mcmc
0.412730931154589,mcmc
0.4324249666537,mcmc
0.414308487184368,mcmc
0.425439123677302,mcmc
0.432259251681703,mcmc
0.422218601005884,mcmc
0.422066647470484,mcmc
0.437186256304401,mcmc
0.427662920098405,mcmc
0.452375063571112,mcmc
0.439402832427875,mcmc
0.443551599686575,mcmc
0.442335720978405,mcmc
0.426190203332411,mcmc
0.419232159139608,mcmc
0.430520398140989,mcmc
0.416728731849459,mcmc
0.434072649708385,mcmc
0.442573180819068,mcmc
0.430729098037654,mcmc
0.448877433855821,mcmc
0.449421294461066,mcmc
0.444902240436424,mcmc
0.447254634291987,mcmc
0.465112919999745,mcmc
0.44819444912261,mcmc
0.443247954611231,mcmc
0.423211348795676,mcmc
0.450303109443309,mcmc
0.429596720224687,mcmc
0.43087891170152,mcmc
0.453043694646649,mcmc
0.449899826895151,mcmc
0.45334196863633,mcmc
0.419406179624603,mcmc
0.439818269344243,mcmc
0.411738771271508,mcmc
0.446805248283008,mcmc
0.445144370126463,mcmc
0.431936521441126,mcmc
0.435349220407045,mcmc
0.451540492925217,mcmc
0.453518443170047,mcmc
0.425795720030318,mcmc
0.413628729078123,mcmc
0.450872619450297,mcmc
0.444924888822754,mcmc
0.434416262669065,mcmc
0.427329666281475,mcmc
0.429667615848495,mcmc
0.456056635068486,mcmc
0.448959319228212,mcmc
0.425181784339142,mcmc
0.422545784780618,mcmc
0.445712589197952,mcmc
0.422781301249095,mcmc
0.435874926144182,mcmc
0.426177443269711,mcmc
0.419100056622868,mcmc
0.420451128851736,mcmc
0.438203004003841,mcmc
0.451785309642583,mcmc
0.468629459480398,mcmc
0.437286088358933,mcmc
0.426473988616874,mcmc
0.432932752357146,mcmc
0.43139075340885,mcmc
0.436316784848326,mcmc
0.455057160821835,mcmc
0.433231392339598,mcmc
0.448744587240031,mcmc
0.427582818569083,mcmc
0.397005557364712,mcmc
0.408662841399482,mcmc
0.437106251272467,mcmc
0.43811644432743,mcmc
0.445487139407865,mcmc
0.446011066790924,mcmc
0.423643923980234,mcmc
0.442705843014046,mcmc
0.427261821621627,mcmc
0.455707594102687,mcmc
0.443458219139609,mcmc
0.46716164691282,mcmc
0.455110845313759,mcmc
0.418454349373059,mcmc
0.44117068959186,mcmc
0.388976751563006,mcmc
0.434310635678424,mcmc
0.406613727731528,mcmc
0.43287543428303,mcmc
0.437485781808873,mcmc
0.447955563504065,mcmc
0.440506774071469,mcmc
0.442797721406608,mcmc
0.433491786392055,mcmc
0.458526949481363,mcmc
0.44486365996571,mcmc
0.428882867411183,mcmc
0.439287477718722,mcmc
0.442579519190054,mcmc
0.42811102621746,mcmc
0.407964765402348,mcmc
0.428850934086918,mcmc
0.47540478115944,mcmc
0.451153263109774,mcmc
0.426200669059455,mcmc
0.429384958084659,mcmc
0.440787798047627,mcmc
0.461877763787694,mcmc
0.425293723445673,mcmc
0.426772490975618,mcmc
0.436204795508732,mcmc
0.423955582196845,mcmc
0.438816229795617,mcmc
0.432030432587175,mcmc
0.444369125674575,mcmc
0.444397537781852,mcmc
0.445103858046633,mcmc
0.415053323606607,mcmc
0.435701980133447,mcmc
0.443750212585201,mcmc
0.443608197617234,mcmc
0.434550032920361,mcmc
0.465964333001603,mcmc
0.434282780329614,mcmc
0.425913469836152,mcmc
0.445470363058822,mcmc
0.426486324925986,mcmc
0.428328511039825,mcmc
0.42993566257414,mcmc
0.421880379041847,mcmc
0.440568594489432,mcmc
0.445926868816153,mcmc
0.457345595621329,mcmc
0.439401680814714,mcmc
0.446446666336964,mcmc
0.420228476187985,mcmc
0.427695874969185,mcmc
0.432495291226189,mcmc
0.436658210234185,mcmc
0.433041144246828,mcmc
0.442246034787248,mcmc
0.469480867621473,mcmc
0.44081840543343,mcmc
0.438697712880351,mcmc
0.43972833764,mcmc
0.424238773270391,mcmc
0.445043404590083,mcmc
0.433497303555296,mcmc
0.443023036652612,mcmc
0.446620935615778,mcmc
0.437833101008895,mcmc
0.452623027140876,mcmc
0.432575240052894,mcmc
0.430226893411656,mcmc
0.455749526948023,mcmc
0.427514885465225,mcmc
0.451146674835889,mcmc
0.435819328446682,mcmc
0.415343162131306,mcmc
0.457040018501743,mcmc
0.438424927240032,mcmc
0.432799434859321,mcmc
0.420052851548998,mcmc
0.445647954711496,mcmc
0.447598893913507,mcmc
0.443484890857049,mcmc
0.409859592063786,mcmc
0.418855124217963,mcmc
0.422709007567991,mcmc
0.415851134439729,mcmc
0.439480046485463,mcmc
0.413933812594618,mcmc
0.437615621722505,mcmc
0.429220383559416,mcmc
0.423088895076686,mcmc
0.443071165205029,mcmc
0.41428123572442,mcmc
0.418748939817112,mcmc
0.426744838228476,mcmc
0.439778265624099,mcmc
0.435489243942485,mcmc
0.445255362487352,mcmc
0.445305530888952,mcmc
0.432503640887649,mcmc
0.4169171482182,mcmc
0.451123727833357,mcmc
0.414139491399191,mcmc
0.433657917517804,mcmc
0.443479385946993,mcmc
0.434824970526581,mcmc
0.427090754799815,mcmc
0.4347381975809,mcmc
0.433737421550525,mcmc
0.433652996814207,mcmc
0.421175953146623,mcmc
0.434445802539987,mcmc
0.409985590592149,mcmc
0.441649600263874,mcmc
0.417527530355326,mcmc
0.451590310950693,mcmc
0.460649095100021,mcmc
0.414933309960432,mcmc
0.435737968230364,mcmc
0.44026725630685,mcmc
0.423831999032947,mcmc
0.427369308391952,mcmc
0.435852638546119,mcmc
0.414794369499037,mcmc
0.448476113357182,mcmc
0.430327649272094,mcmc
0.445794987361271,mcmc
0.435105953388122,mcmc
0.429217357242458,mcmc
0.430723031756999,mcmc
0.445560259978972,mcmc
0.425497162294588,mcmc
0.449281258486291,mcmc
0.434059587644384,mcmc
0.445713331654867,mcmc
0.43319089141275,mcmc
0.449018382613618,mcmc
0.442931617493804,mcmc
0.444005382946664,mcmc
0.448683108406353,mcmc
0.427291658295418,mcmc
0.453739715096622,mcmc
0.445577704049076,mcmc
0.424591863080705,mcmc
0.440375477059676,mcmc
0.430103374189508,mcmc
0.449300717182744,mcmc
0.435414326218415,mcmc
0.437368840483798,mcmc
0.42373913356242,mcmc
0.44106740109205,mcmc
0.42227945504425,mcmc
0.423822012111541,mcmc
0.445715112663932,mcmc
0.419414952581467,mcmc
0.443511196306564,mcmc
0.40102843662812,mcmc
0.434253044582199,mcmc
0.422459202825857,mcmc
0.438936412875405,mcmc
0.430559720822609,mcmc
0.44579026684918,mcmc
0.436131821408363,mcmc
0.444708739920839,mcmc
0.44089372111456,mcmc
0.430161356917305,mcmc
0.429442663398618,mcmc
0.425410091115881,mcmc
0.443870271101407,mcmc
0.435006207264053,mcmc
0.43008601125486,mcmc
0.44823532638213,mcmc
0.439256307178784,mcmc
0.47356441647846,mcmc
0.44497875414176,mcmc
0.422259191411122,mcmc
0.440390734496437,mcmc
0.455220817258956,mcmc
0.450909981192403,mcmc
0.436875541117167,mcmc
0.449167723490039,mcmc
0.431511455858276,mcmc
0.421236398153151,mcmc
0.451047512222737,mcmc
0.439703151404884,mcmc
0.438380983915121,mcmc
0.425060550320871,mcmc
0.463124685410782,mcmc
0.43067677271683,mcmc
0.420101601001448,mcmc
0.436704187960001,mcmc
0.438589777006191,mcmc
0.450895252007218,mcmc
0.443626151309989,mcmc
0.451180685979737,mcmc
0.441825639201715,mcmc
0.458025861309115,mcmc
0.441138090943144,mcmc
0.432580338374628,mcmc
0.425024582826839,mcmc
0.451524207162324,mcmc
0.435382136805046,mcmc
0.436149502149142,mcmc
0.425107508128784,mcmc
0.435725397848026,mcmc
0.417758332000031,mcmc
0.448629541839429,mcmc
0.432969466871471,mcmc
0.447096633938517,mcmc
0.448561084960439,mcmc
0.440401786142192,mcmc
0.424294112773545,mcmc
0.445087121178252,mcmc
0.450994070110609,mcmc
0.442280439390706,mcmc
0.446977496904309,mcmc
0.433480365739257,mcmc
0.444885284905091,mcmc
0.453462584590712,mcmc
0.437405123278332,mcmc
0.442418415864927,mcmc
0.440542818676462,mcmc
0.454444557157265,mcmc
0.439598969305985,mcmc
0.409733223683009,mcmc
0.441875017378323,mcmc
0.444584869215341,mcmc
0.442000296762882,mcmc
0.429887450038715,mcmc
0.439544206434815,mcmc
0.430261297216905,mcmc
0.416199625619328,mcmc
0.43458458977236,mcmc
0.435814917502425,mcmc
0.412811921808149,mcmc
0.440949434868111,mcmc
0.440137305852753,mcmc
0.440392735850343,mcmc
0.447448135860225,mcmc
0.395197517158444,mcmc
0.456784729166626,mcmc
0.435116432320918,mcmc
0.457317432841126,mcmc
0.436244833535793,mcmc
0.434062237648307,mcmc
0.41949130200229,mcmc
0.442169364367296,mcmc
0.426333251381327,mcmc
0.421988568795361,mcmc
0.446223768271115,mcmc
0.406994416240144,mcmc
0.444944681183565,mcmc
0.427295365172409,mcmc
0.444504528499061,mcmc
0.469952196897773,mcmc
0.435563762877068,mcmc
0.433995232855755,mcmc
0.441724613756185,mcmc
0.440207138655535,mcmc
0.437447542261328,mcmc
0.422828584417636,mcmc
0.412963822602409,mcmc
0.432192356723729,mcmc
0.449573262867139,mcmc
0.446724423117483,mcmc
0.414150895489223,mcmc
0.450884433156305,mcmc
0.438198271622164,mcmc
0.447003031500834,mcmc
0.429713933648107,mcmc
0.442008115103479,mcmc
0.450117951334537,mcmc
0.432283518582652,mcmc
0.445979423284808,mcmc
0.4416853744063,mcmc
0.448555395377377,mcmc
0.447270603878059,mcmc
0.432982620384699,mcmc
0.444589321865573,mcmc
0.439337532062707,mcmc
0.453035684881384,mcmc
0.433599260083773,mcmc
0.44834167822195,mcmc
0.428213438364427,mcmc
0.454383110522201,mcmc
0.409804847243495,mcmc
0.429140426209373,mcmc
0.430976079218492,mcmc
0.443976646078708,mcmc
0.453836029319775,mcmc
0.420703338562316,mcmc
0.426972694903874,mcmc
0.442130929217034,mcmc
0.433861883725987,mcmc
0.416179883821548,mcmc
0.44032842411191,mcmc
0.439180578802043,mcmc
0.435801273083246,mcmc
0.421173772042584,mcmc
0.433858427757461,mcmc
0.434435817775655,mcmc
0.45011206615328,mcmc
0.445314036678952,mcmc
0.422951286388515,mcmc
0.433136494670924,mcmc
0.427810241539363,mcmc
0.431255906003856,mcmc
0.437707512266606,mcmc
0.411895828898474,mcmc
0.434299102906759,mcmc
0.446509937846398,mcmc
0.418670040568654,mcmc
0.423027767561739,mcmc
0.424444138759812,mcmc
0.431522491104534,mcmc
0.419139167926145,mcmc
0.431536571488337,mcmc
0.446456269323327,mcmc
0.45119817552703,mcmc
0.443494442540725,mcmc
0.440002636160386,mcmc
0.417426990884493,mcmc
0.427466577508599,mcmc
0.446576014962553,mcmc
0.41082249743667,mcmc
0.458106011845402,mcmc
0.447831450804882,mcmc
0.44398208989492,mcmc
0.441057468748029,mcmc
0.417947212329611,mcmc
0.424783981900085,mcmc
0.429582538878461,mcmc
0.449056455576611,mcmc
0.44645456319232,mcmc
0.449432898485614,mcmc
0.419241058732467,mcmc
0.426961579179383,mcmc
0.413792465139918,mcmc
0.418742094194309,mcmc
0.442452579997582,mcmc
0.432175098041003,mcmc
0.430565606021578,mcmc
0.458783200007122,mcmc
0.446546348265402,mcmc
0.437828124256055,mcmc
0.44268812837796,mcmc
0.454570438397025,mcmc
0.429574449913802,mcmc
0.441284363383351,mcmc
0.433818415710095,mcmc
0.450968254277318,mcmc
0.437972519034654,mcmc
0.42636149439926,mcmc
0.456072404527866,mcmc
0.409401469033062,mcmc
0.434813816544953,mcmc
0.420644993408158,mcmc
0.422739887960331,mcmc
0.437830812507013,mcmc
0.441829236456014,mcmc
0.438677605916905,mcmc
0.427591950969453,mcmc
0.431643726936712,mcmc
0.432493165633667,mcmc
0.442078607687039,mcmc
0.433315857443638,mcmc
0.445475227632755,mcmc
0.423302077688427,mcmc
0.432033199565168,mcmc
0.428632626767946,mcmc
0.423184680501478,mcmc
0.431434728305606,mcmc
0.4267398108666,mcmc
0.444576262949043,mcmc
0.443415326154592,mcmc
0.445710472273033,mcmc
0.445932272282097,mcmc
0.435768552111953,mcmc
0.438256849447549,mcmc
0.418416332072438,mcmc
0.410604428791765,mcmc
0.419117493786422,mcmc
0.422587292973272,mcmc
0.434325635365657,mcmc
0.440949326954385,mcmc
0.456619621563565,mcmc
0.427327250540268,mcmc
0.461758563725272,mcmc
0.447105718589122,mcmc
0.448825401367926,mcmc
0.427963824328882,mcmc
0.440530166231855,mcmc
0.399896247451078,mcmc
0.442513983207324,mcmc
0.414733729729503,mcmc
0.424367420968047,mcmc
0.438791067599428,mcmc
0.479553538297829,mcmc
0.430055010690398,mcmc
0.44783186213412,mcmc
0.44181892461159,mcmc
0.436530963646595,mcmc
0.432639969868346,mcmc
0.418909059152145,mcmc
0.419171953356148,mcmc
0.44875258433363,mcmc
0.452792401465715,mcmc
0.446232561286121,mcmc
0.409268445872991,mcmc
0.44891565595458,mcmc
0.436129368582806,mcmc
0.435096591058764,mcmc
0.427816682870182,mcmc
0.447032738612747,mcmc
0.440637736902951,mcmc
0.458210552011507,mcmc
0.428548877190333,mcmc
0.440157238269451,mcmc
0.454442357528131,mcmc
0.445602395751225,mcmc
0.426154398548658,mcmc
0.42258618644311,mcmc
0.421548033882187,mcmc
0.435746522535711,mcmc
0.43671600657325,mcmc
0.421554978505576,mcmc
0.43180716205755,mcmc
0.428777967382562,mcmc
0.437395891593119,mcmc
0.424046645488299,mcmc
0.436346142609666,mcmc
0.402126608519121,mcmc
0.43529695022908,mcmc
0.421835142548131,mcmc
0.429018644329721,mcmc
0.443625999376392,mcmc
0.426420303013936,mcmc
0.421984456756861,mcmc
0.430124206506068,mcmc
0.427717674650229,mcmc
0.455508257355242,mcmc
0.428871740780621,mcmc
0.435474453627731,mcmc
0.444375393883231,mcmc
0.442415576616321,mcmc
0.429794884858236,mcmc
0.429413553472517,mcmc
0.426029821514774,mcmc
0.453349705553358,mcmc
0.442723120957362,mcmc
0.438758656716103,mcmc
0.425934463241858,mcmc
0.431304818279007,mcmc
0.443860753157616,mcmc
0.457352422483361,mcmc
0.42695211424056,mcmc
0.450519449824055,mcmc
0.43308279992142,mcmc
0.445260550487983,mcmc
0.424164950778417,mcmc
0.439219435851936,mcmc
0.448611500787759,mcmc
0.461132118510735,mcmc
0.41609304874262,mcmc
0.445180993055772,mcmc
0.434284408578101,mcmc
0.435462629621192,mcmc
0.426031064588,mcmc
0.45158926934391,mcmc
0.433753437650536,mcmc
0.423217148308402,mcmc
0.45881862800796,mcmc
0.437937038473955,mcmc
0.435380314259871,mcmc
0.453757224484304,mcmc
0.437356451143534,mcmc
0.430574237733422,mcmc
0.430864126267328,mcmc
0.435950985155691,mcmc
0.431649044574525,mcmc
0.467335772396049,mcmc
0.426467360506281,mcmc
0.421523952742163,mcmc
0.442041853168507,mcmc
0.439499512014615,mcmc
0.412911504577283,mcmc
0.454239536945095,mcmc
0.44222833741839,mcmc
0.434842217674276,mcmc
0.430836714657181,mcmc
0.443013235360013,mcmc
0.404385244077851,mcmc
0.435263375459191,mcmc
0.42043911095659,mcmc
0.438256513511954,mcmc
0.423618110898933,mcmc
0.449543979716318,mcmc
0.423701503630422,mcmc
0.436391183566382,mcmc
0.447388628150959,mcmc
0.425874306291686,mcmc
0.456671471847765,mcmc
0.408690482212857,mcmc
0.450581210689727,mcmc
0.422524699913336,mcmc
0.436350702756354,mcmc
0.4436566653762,mcmc
0.458319012878255,mcmc
0.427424059721992,mcmc
0.442025624173213,mcmc
0.417794323365462,mcmc
0.417883277617482,mcmc
0.416989585913104,mcmc
0.43583944544325,mcmc
0.43351328869736,mcmc
0.433224823031771,mcmc
0.434451915521346,mcmc
0.418840243797909,mcmc
0.432526406972448,mcmc
0.438089391931298,mcmc
0.423844799918641,mcmc
0.447657562370747,mcmc
0.432239859063772,mcmc
0.450886924045056,mcmc
0.415453020160517,mcmc
0.429492082895802,mcmc
0.433007525779396,mcmc
0.415406471918185,mcmc
0.436099346171694,mcmc
0.440732609093328,mcmc
0.439758419397131,mcmc
0.433131630127292,mcmc
0.436714370495036,mcmc
0.430275437135089,mcmc
0.431179061144341,mcmc
0.438723866449341,mcmc
0.443727534951252,mcmc
0.417884999028302,mcmc
0.463469914584462,mcmc
0.412793506841664,mcmc
0.439378717613695,mcmc
0.4300397492748,mcmc
0.463732289336821,mcmc
0.414030474878818,mcmc
0.428837294745921,mcmc
0.446866674287178,mcmc
0.436143535324057,mcmc
0.423915711277609,mcmc
0.413982083494969,mcmc
0.437294271699003,mcmc
0.458269297006473,mcmc
0.4672441085925,mcmc
0.408331579529199,mcmc
0.438710089973185,mcmc
0.46209349653422,mcmc
0.456511200990229,mcmc
0.431287349606314,mcmc
0.441591239533529,mcmc
0.415161603316716,mcmc
0.434478653936436,mcmc
0.436355188443647,mcmc
0.463240574376161,mcmc
0.428430488065719,mcmc
0.441527295232683,mcmc
0.433959626728242,mcmc
0.42243407903062,mcmc
0.439530556421582,mcmc
0.424467263688471,mcmc
0.45617878177297,mcmc
0.447790247850776,mcmc
0.433208084378332,mcmc
0.44126572018088,mcmc
0.461676141154893,mcmc
0.453364855898155,mcmc
0.414360131451591,mcmc
0.429810075390762,mcmc
0.424173866663988,mcmc
0.44844208723504,mcmc
0.435785029853576,mcmc
0.43511201871622,mcmc
0.436825552429688,mcmc
0.439813392725947,mcmc
0.44400536511673,mcmc
0.431691667664984,mcmc
0.4332979744025,mcmc
0.44418900340747,mcmc
0.438650455468701,mcmc
0.426470821786883,mcmc
0.45367432646623,mcmc
0.454328297123861,mcmc
0.457705859387489,mcmc
0.429754103045259,mcmc
0.436685598595405,mcmc
0.460969817305567,mcmc
0.45099893461224,mcmc
0.438410468300808,mcmc
0.438755772238873,mcmc
0.445942788318065,mcmc
0.412302200915555,mcmc
0.428669813228608,mcmc
0.457930818995142,mcmc
0.425844171977371,mcmc
0.45895002488047,mcmc
0.448610627401289,mcmc
0.432069287255163,mcmc
0.424762551795993,mcmc
0.455196322718976,mcmc
0.426302186134721,mcmc
0.407982021374667,mcmc
0.430152461116417,mcmc
0.432652573253866,mcmc
0.418573346159166,mcmc
0.4376798233295,mcmc
0.44315472949521,mcmc
0.43840422731702,mcmc
0.432502756804222,mcmc
0.430108542381604,mcmc
0.432726607320243,mcmc
0.427509674389956,mcmc
0.429028088895648,mcmc
0.435395169720601,mcmc
0.442290753383536,mcmc
0.426584557581568,mcmc
0.438848162700518,mcmc
0.429576880931327,mcmc
0.433035956438412,mcmc
0.43489665316921,mcmc
0.446246332916033,mcmc
0.441884538170564,mcmc
0.429476477501216,mcmc
0.44373946342792,mcmc
0.434038850821769,mcmc
0.438455176003946,mcmc
0.411136760188552,mcmc
0.4366542731575,mcmc
0.431184817693589,mcmc
0.444746893155071,mcmc
0.450754019698543,mcmc
0.415240745829508,mcmc
0.425662359167706,mcmc
0.437137095489613,mcmc
0.424138908300724,mcmc
0.42384254053143,mcmc
0.431726811097091,mcmc
0.45279085459937,mcmc
0.448037331887896,mcmc
0.44002253084609,mcmc
0.429268568667258,mcmc
0.436543653991454,mcmc
0.416284470515546,mcmc
0.417599784073815,mcmc
0.432896282576755,mcmc
0.438307131123389,mcmc
0.423483127212312,mcmc
0.451065539625523,mcmc
0.439214942967892,mcmc
0.425643490425127,mcmc
0.446469446847698,mcmc
0.441809448335057,mcmc
0.437581731298654,mcmc
0.455407570479212,mcmc
0.448773291797386,mcmc
0.428879846152765,mcmc
0.422455592471338,mcmc
0.445536236124366,mcmc
0.435307487678998,mcmc
0.458954388359815,mcmc
0.44175089473842,mcmc
0.434611710989724,mcmc
0.454636547526187,mcmc
0.446398953596939,mcmc
0.449110028106018,mcmc
0.417300702697038,mcmc
0.441098478407537,mcmc
0.443111162262536,mcmc
0.411403215880535,mcmc
0.418051790029955,mcmc
0.433518445120214,mcmc
0.413706414719881,mcmc
0.44839802114633,mcmc
0.451022092681684,mcmc
0.428593524670312,mcmc
0.425673673529692,mcmc
0.44745312558099,mcmc
0.42724055327461,mcmc
0.438945370759923,mcmc
0.453053831288072,mcmc
0.458281713334014,mcmc
0.457098943036607,mcmc
0.435747948386239,mcmc
0.434482098464654,mcmc
0.449951278617674,mcmc
0.432157451171502,mcmc
0.434224170241285,mcmc
0.430542397799805,mcmc
0.434206141343293,mcmc
0.437968578851643,mcmc
0.450275445818107,mcmc
0.421741497380922,mcmc
0.426139961220852,mcmc
0.466145140773715,mcmc
0.413479426165646,mcmc
0.442526405018468,mcmc
0.429540963827525,mcmc
0.422282232934175,mcmc
0.4448790431953,mcmc
0.421658347938085,mcmc
0.457578317778289,mcmc
0.426469246784228,mcmc
0.432474531939413,mcmc
0.435417573622495,mcmc
0.424131012397185,mcmc
0.445326930038301,mcmc
0.439730894647754,mcmc
0.449429360084846,mcmc
0.450554546600889,mcmc
0.434865897458138,mcmc
0.43682906669501,mcmc
0.453486106427003,mcmc
0.439062643629996,mcmc
0.443262652777323,mcmc
0.449688405318413,mcmc
0.427079042311955,mcmc
0.456372913015127,mcmc
0.438235323634069,mcmc
0.455108079852363,mcmc
0.428530116683835,mcmc
0.431786204503727,mcmc
0.422174741392405,mcmc
0.419728506946025,mcmc
0.423116130335718,mcmc
0.461365412942931,mcmc
0.447048033396674,mcmc
0.454528760820328,mcmc
0.449901502464075,mcmc
0.425293486304901,mcmc
0.435489029630398,mcmc
0.437769130406426,mcmc
0.430060714189649,mcmc
0.435615979742274,mcmc
0.434453008920542,mcmc
0.43663190252556,mcmc
0.480536150895289,mcmc
0.426729984623238,mcmc
0.450458442720488,mcmc
0.445850342876371,mcmc
0.426175232014456,mcmc
0.424942204655974,mcmc
0.413961714401293,mcmc
0.421789577894571,mcmc
0.410724497132668,mcmc
0.419877548718512,mcmc
0.439095449762473,mcmc
0.415105041532618,mcmc
0.435637118054563,mcmc
0.446841263015158,mcmc
0.441481823479419,mcmc
0.425552087300473,mcmc
0.422799080677493,mcmc
0.449277432611746,mcmc
0.423045854607856,mcmc
0.439381355429531,mcmc
0.438605000111872,mcmc
0.432765367684909,mcmc
0.446794196868869,mcmc
0.42195021378924,mcmc
0.424134259484887,mcmc
0.433327384268971,mcmc
0.454018300430397,mcmc
0.428106738674756,mcmc
0.435054886542827,mcmc
0.453063591394015,mcmc
0.407363439398746,mcmc
0.44981063639086,mcmc
0.446164607187418,mcmc
0.432635563111375,mcmc
0.455574662985678,mcmc
0.413669095048663,mcmc
0.444016208506703,mcmc
0.454060053806955,mcmc
0.434391291776758,mcmc
0.42803918422893,mcmc
0.426562159435312,mcmc
0.413608268995405,mcmc
0.429722874849379,mcmc
0.414471197054575,mcmc
0.41797510045174,mcmc
0.470596522502244,mcmc
0.429273714286529,mcmc
0.417723911405317,mcmc
0.425299966464991,mcmc
0.466272310351576,mcmc
0.418596966974336,mcmc
0.424255558852504,mcmc
0.447767132710827,mcmc
0.463566270932609,mcmc
0.443974443136923,mcmc
0.449977506594688,mcmc
0.430475065450823,mcmc
0.434719784941767,mcmc
0.433655011182653,mcmc
0.435713638193028,mcmc
0.450859787361205,mcmc
0.442444788790189,mcmc
0.436607472392583,mcmc
0.436256571204672,mcmc
0.438523392105326,mcmc
0.455593598472397,mcmc
0.437392881329735,mcmc
0.403768426097551,mcmc
0.456795978072136,mcmc
0.454833748483456,mcmc
0.448712845629973,mcmc
0.439770859740074,mcmc
0.42953706934661,mcmc
0.428812544230591,mcmc
0.450562259216643,mcmc
0.458975884842814,mcmc
0.424289289299534,mcmc
0.43911413323101,mcmc
0.444670503459898,mcmc
0.422864994499956,mcmc
0.436063777930916,mcmc
0.449087773915947,mcmc
0.421901812863172,mcmc
0.415678382896207,mcmc
0.441275418493311,mcmc
0.43177596068758,mcmc
0.427491197014843,mcmc
0.449125067492188,mcmc
0.432805837767855,mcmc
0.43280224443893,mcmc
0.439509401990074,mcmc
0.446869743331524,mcmc
0.438960057956193,mcmc
0.450281344268187,mcmc
0.462238695995943,mcmc
0.429199822949395,mcmc
0.448672326863027,mcmc
0.430209566874449,mcmc
0.418153221759218,mcmc
0.447127425553323,mcmc
0.422383033465904,mcmc
0.459141605171439,mcmc
0.442712991266549,mcmc
0.430173947833192,mcmc
0.433262708935901,mcmc
0.43730593365785,mcmc
0.418324372559767,mcmc
0.438400999003252,mcmc
0.447067790195334,mcmc
0.430541386558537,mcmc
0.43077268983128,mcmc
0.462977348289084,mcmc
0.429731210983411,mcmc
0.430096424804393,mcmc
0.460221761901894,mcmc
0.444450068917704,mcmc
0.435008397983288,mcmc
0.445709243892276,mcmc
0.421910670221988,mcmc
0.422952709392332,mcmc
0.447433819851411,mcmc
0.435361907209205,mcmc
0.436023013820157,mcmc
0.445421741533124,mcmc
0.419004521439845,mcmc
0.428284630467268,mcmc
0.432417831779274,mcmc
0.417819259327766,mcmc
0.441627056564789,mcmc
0.433425852585689,mcmc
0.418449197361628,mcmc
0.42273542637591,mcmc
0.446619725464454,mcmc
0.447272989860963,mcmc
0.447835213277203,mcmc
0.442432352036278,mcmc
0.450107351166289,mcmc
0.415539566389886,mcmc
0.443180523728932,mcmc
0.446700913606344,mcmc
0.446828223955096,mcmc
0.43377606779685,mcmc
0.438021173485175,mcmc
0.437563724618991,mcmc
0.437771199405036,mcmc
0.455768097754513,mcmc
0.440624576063932,mcmc
0.436346240593332,mcmc
0.439061217814059,mcmc
0.436022910291684,mcmc
0.415304488560319,mcmc
0.431131623645482,mcmc
0.431855308604384,mcmc
0.416668663383195,mcmc
0.434070524805752,mcmc
0.427537911115625,mcmc
0.435972265658689,mcmc
0.434923725774015,mcmc
0.430595404967641,mcmc
0.434560333960894,mcmc
0.422684187976402,mcmc
0.414829805121891,mcmc
0.445751879098032,mcmc
0.428706818662496,mcmc
0.411308194469487,mcmc
0.434776063537096,mcmc
0.447248586511489,mcmc
0.452644304935981,mcmc
0.437550334915094,mcmc
0.431712608743958,mcmc
0.454428166192075,mcmc
0.452740171284414,mcmc
0.41508849819042,mcmc
0.448216682376034,mcmc
0.424293063834622,mcmc
0.421780689842772,mcmc
0.43253059767126,mcmc
0.436121581377219,mcmc
0.422759072570964,mcmc
0.428437651851766,mcmc
0.457189556487035,mcmc
0.432836548765884,mcmc
0.449895790397762,mcmc
0.436337727447103,mcmc
0.438552296916289,mcmc
0.455451569156708,mcmc
0.432712430630436,mcmc
0.400043289097468,mcmc
0.43868013853843,mcmc
0.446329476421659,mcmc
0.418079672504169,mcmc
0.437240605178431,mcmc
0.46057143423767,mcmc
0.461937301379968,mcmc
0.453908545466624,mcmc
0.44641863665807,mcmc
0.448444186360548,mcmc
0.432430764741777,mcmc
0.428371913117121,mcmc
0.421085181691885,mcmc
0.432485362155393,mcmc
0.44085793005278,mcmc
0.435215557378538,mcmc
0.432690423279629,mcmc
0.461931741122319,mcmc
0.433865168021243,mcmc
0.405889112125125,mcmc
0.442664657950831,mcmc
0.454360183603903,mcmc
0.415690002424239,mcmc
0.457662802755632,mcmc
0.461895648617058,mcmc
0.433266155967087,mcmc
0.457280776180487,mcmc
0.449243192648034,mcmc
0.45190800455764,mcmc
0.425213489554736,mcmc
0.413745349125266,mcmc
0.44097984005027,mcmc
0.424780644139857,mcmc
0.415009705037189,mcmc
0.456232705548462,mcmc
0.428885284168344,mcmc
0.466100486601829,mcmc
0.42331707576023,mcmc
0.450748250390406,mcmc
0.442500857649973,mcmc
0.477974699717195,mcmc
0.435989604873519,mcmc
0.441839670408888,mcmc
0.453716030406709,mcmc
0.4493183404275,mcmc
0.431470442129996,mcmc
0.429130364914131,mcmc
0.435008225362723,mcmc
0.414691624003182,mcmc
0.434254330335209,mcmc
0.422755837196488,mcmc
0.421721569396013,mcmc
0.445208203960832,mcmc
0.426102203672138,mcmc
0.439418751577342,mcmc
0.428803281019232,mcmc
0.438659482451199,mcmc
0.450202970191775,mcmc
0.443040843759956,mcmc
0.459355353879918,mcmc
0.424005644567012,mcmc
0.44291414080068,mcmc
0.426935901641905,mcmc
0.441469096504408,mcmc
0.431474993636566,mcmc
0.438990913004401,mcmc
0.423793800492584,mcmc
0.442509796585823,mcmc
0.42329848901706,mcmc
0.425471790594861,mcmc
0.427426668659858,mcmc
0.440691316708242,mcmc
0.420646295465394,mcmc
0.455969610237739,mcmc
0.445371464252904,mcmc
0.422857522902386,mcmc
0.411191197064291,mcmc
0.442336221083655,mcmc
0.43832445785527,mcmc
0.424090501192038,mcmc
0.428674284501035,mcmc
0.425265001467837,mcmc
0.445149020702022,mcmc
0.434989510294018,mcmc
0.429466459258216,mcmc
0.44295267357547,mcmc
0.446081849679254,mcmc
0.429431827749887,mcmc
0.420197402138552,mcmc
0.43128142912428,mcmc
0.420845877995117,mcmc
0.417451797328857,mcmc
0.449494267356797,mcmc
0.42755973987846,mcmc
0.43871513495024,mcmc
0.427634020439308,mcmc
0.431216052281284,mcmc
0.439670089042742,mcmc
0.433148614567084,mcmc
0.431442685848376,mcmc
0.450200930213432,mcmc
0.444982419721142,mcmc
0.408208392068021,mcmc
0.424793576766334,mcmc
0.438566563108663,mcmc
0.434836746156731,mcmc
0.425689614222157,mcmc
0.436266452156242,mcmc
0.43164723583478,mcmc
0.418028220286848,mcmc
0.454545198688778,mcmc
0.443341955680978,mcmc
0.422203406544926,mcmc
0.459139294580879,mcmc
0.421042580314031,mcmc
0.451200653514297,mcmc
0.459355789043833,mcmc
0.44371638225399,mcmc
0.45309903691884,mcmc
0.423421983739687,mcmc
0.444545784161338,mcmc
0.460976506491328,mcmc
0.463129332500193,mcmc
0.441954299750282,mcmc
0.437009958726771,mcmc
0.442838030699402,mcmc
0.423823157520772,mcmc
0.428334906789085,mcmc
0.438728269649979,mcmc
0.428072014901307,mcmc
0.437989827984605,mcmc
0.456390151064404,mcmc
0.438439613404638,mcmc
0.465011147930749,mcmc
0.437558802914113,mcmc
0.418864498942264,mcmc
0.438294875566398,mcmc
0.430996972702101,mcmc
0.46614855347647,mcmc
0.451448860761239,mcmc
0.434396008473772,mcmc
0.450407076199917,mcmc
0.414313689470642,mcmc
0.424746854489919,mcmc
0.411151624049523,mcmc
0.414319434422312,mcmc
0.4309862025686,mcmc
0.425752843612613,mcmc
0.442760105684914,mcmc
0.431873170220894,mcmc
0.416662904231956,mcmc
0.441988573962435,mcmc
0.439018064796229,mcmc
0.446056149069746,mcmc
0.423898846705309,mcmc
0.438291926046942,mcmc
0.449199180036348,mcmc
0.44381143932123,mcmc
0.397803609053798,mcmc
0.441929061255787,mcmc
0.433926142031021,mcmc
0.413899585640001,mcmc
0.423146187242827,mcmc
0.425414166443929,mcmc
0.457275692241874,mcmc
0.40512027104162,mcmc
0.441263460705089,mcmc
0.443482210627724,mcmc
0.442793504039719,mcmc
0.410153085427284,mcmc
0.441276305742879,mcmc
0.436969633808033,mcmc
0.431789286728452,mcmc
0.421090429614217,mcmc
0.4278700159752,mcmc
0.445485761671286,mcmc
0.446784226523815,mcmc
0.451728202619339,mcmc
0.462288837870394,mcmc
0.454405551828042,mcmc
0.416679637638135,mcmc
0.438166066475314,mcmc
0.433342611656777,mcmc
0.455382639445833,mcmc
0.448925039593961,mcmc
0.425427193410938,mcmc
0.443073792082491,mcmc
0.417573390892377,mcmc
0.453580684538152,mcmc
0.467276237189352,mcmc
0.432671629733849,mcmc
0.437073123568144,mcmc
0.460090724874581,mcmc
0.436539410248407,mcmc
0.433930828666967,mcmc
0.43017222272221,mcmc
0.434230192494395,mcmc
0.42436954196263,mcmc
0.454113943468486,mcmc
0.440746774577187,mcmc
0.430760103449321,mcmc
0.452503837399456,mcmc
0.455153067083915,mcmc
0.417717007023727,mcmc
0.431266889036526,mcmc
0.424545904372347,mcmc
0.424903302001056,mcmc
0.450562501203216,mcmc
0.430669440966921,mcmc
0.432397338393325,mcmc
0.442386503275216,mcmc
0.431690003020456,mcmc
0.4468690134237,mcmc
0.436923465926719,mcmc
0.455406787529829,mcmc
0.438107755808311,mcmc
0.42418483287215,mcmc
0.443157849141517,mcmc
0.424555850313559,mcmc
0.441779050291028,mcmc
0.451601296381745,mcmc
0.441665718420477,mcmc
0.466652271332004,mcmc
0.429055890255256,mcmc
0.433329499941451,mcmc
0.443454746586672,mcmc
0.44902060254831,mcmc
0.427235128818612,mcmc
0.422421590270069,mcmc
0.435343997281931,mcmc
0.448719460548777,mcmc
0.420494770235135,mcmc
0.44791472984489,mcmc
0.458126789794354,mcmc
0.415665359409577,mcmc
0.44831538460381,mcmc
0.417792207322502,mcmc
0.448098081574681,mcmc
0.43521117227843,mcmc
0.4416415530819,mcmc
0.430364131535265,mcmc
0.440063993558544,mcmc
0.437016692446856,mcmc
0.458023370704794,mcmc
0.418287095446522,mcmc
0.433436071198489,mcmc
0.432499165993143,mcmc
0.446420399162426,mcmc
0.442865843621903,mcmc
0.432269259545038,mcmc
0.418215805189621,mcmc
0.430991428638169,mcmc
0.429959250071073,mcmc
0.444421359632508,mcmc
0.431330061102384,mcmc
0.434206899566606,mcmc
0.438099472511976,mcmc
0.429120863086701,mcmc
0.452345261695688,mcmc
0.449588279421671,mcmc
0.419687936235593,mcmc
0.441550368885743,mcmc
0.441419587340123,mcmc
0.399876003139644,mcmc
0.434061501405907,mcmc
0.434450314566567,mcmc
0.442778412555131,mcmc
0.425871647492977,mcmc
0.447755764616285,mcmc
0.445074452564694,mcmc
0.434378150532131,mcmc
0.423957593934567,mcmc
0.449970115877298,mcmc
0.458233599067327,mcmc
0.44310413801305,mcmc
0.470409049012996,mcmc
0.439395120323377,mcmc
0.433377017937818,mcmc
0.427143413644147,mcmc
0.436652747033118,mcmc
0.42990132836,mcmc
0.448564651802481,mcmc
0.458985837357466,mcmc
0.434320464027573,mcmc
0.433183259764967,mcmc
0.425403621283427,mcmc
0.448370167136572,mcmc
0.420878587555815,mcmc
0.450184128071753,mcmc
0.427497123354928,mcmc
0.440906355749372,mcmc
0.436121950196924,mcmc
0.4278806948474,mcmc
0.448290016863542,mcmc
0.412106626533926,mcmc
0.450640054992333,mcmc
0.430757084595427,mcmc
0.428687547355782,mcmc
0.430324851387857,mcmc
0.436802781769408,mcmc
0.437276397759265,mcmc
0.441289201696034,mcmc
0.416725196855402,mcmc
0.430371108758998,mcmc
0.416138804875535,mcmc
0.43160931042593,mcmc
0.437275426810129,mcmc
0.415425901442837,mcmc
0.432741940262778,mcmc
0.424703413785078,mcmc
0.466483138059819,mcmc
0.444336255267786,mcmc
0.406135980501658,mcmc
0.41101244788539,mcmc
0.417154562220255,mcmc
0.449461288105643,mcmc
0.430932911339051,mcmc
0.436543786980721,mcmc
0.440036236742877,mcmc
0.451524084614658,mcmc
0.417733400769325,mcmc
0.462435304617839,mcmc
0.427387044476834,mcmc
0.435035712750509,mcmc
0.414488532910758,mcmc
0.433365368166299,mcmc
0.414750798349851,mcmc
0.417845277489366,mcmc
0.425688939853354,mcmc
0.439786992359159,mcmc
0.444745495459655,mcmc
0.427695270400562,mcmc
0.428638170811326,mcmc
0.439999757978691,mcmc
0.424003227871381,mcmc
0.433780227547297,mcmc
0.422988257897917,mcmc
0.434005137392126,mcmc
0.43807714521912,mcmc
0.442127383262797,mcmc
0.422962119178889,mcmc
0.443453577419705,mcmc
0.441440497109055,mcmc
0.436932653382289,mcmc
0.421157293953885,mcmc
0.437477488091714,mcmc
0.438673706816363,mcmc
0.45118367109467,mcmc
0.433051513264744,mcmc
0.450990645219941,mcmc
0.459859890633757,mcmc
0.466786990696008,mcmc
0.44782273529624,mcmc
0.434767373007267,mcmc
0.45253843216819,mcmc
0.455525991608774,mcmc
0.435150512329301,mcmc
0.425649248019449,mcmc
0.437939883386742,mcmc
0.441034768420557,mcmc
0.429812948813201,mcmc
0.426491724823785,mcmc
0.439782067265928,mcmc
0.428613364553487,mcmc
0.438741397977514,mcmc
0.43963538966327,mcmc
0.431504020473228,mcmc
0.429723648687043,mcmc
0.443097904982566,mcmc
0.441195342009415,mcmc
0.423753986086018,mcmc
0.424489557847476,mcmc
0.438079157234211,mcmc
0.438038465179411,mcmc
0.429800446296401,mcmc
0.424058597270318,mcmc
0.42522229025603,mcmc
0.441912367854193,mcmc
0.423622636420162,mcmc
0.436413697218483,mcmc
0.421666352898497,mcmc
0.452306822674409,mcmc
0.446185785686565,mcmc
0.448906956057284,mcmc
0.41342397978929,mcmc
0.454593351904377,mcmc
0.446067896764579,mcmc
0.461729939151478,mcmc
0.452124116672844,mcmc
0.450031152994198,mcmc
0.453743449732472,mcmc
0.44854822244,mcmc
0.438212198389539,mcmc
0.434564263160382,mcmc
0.457680119661993,mcmc
0.419505496862147,mcmc
0.426782109675446,mcmc
0.454283436270913,mcmc
0.432495913873287,mcmc
0.450496976671856,mcmc
0.416416024064925,mcmc
0.433979218967309,mcmc
0.438949417954392,mcmc
0.427723402488896,mcmc
0.439898558410164,mcmc
0.435930201617584,mcmc
0.400980431346117,mcmc
0.414766735906804,mcmc
0.43800396718549,mcmc
0.448097111475598,mcmc
0.439039542941912,mcmc
0.443221374873479,mcmc
0.451084060786651,mcmc
0.447286829033334,mcmc
0.445879484700668,mcmc
0.420071095019767,mcmc
0.422629568040721,mcmc
0.434585755050625,mcmc
0.442444099999317,mcmc
0.439506269164114,mcmc
0.426535687598225,mcmc
0.450826866239226,mcmc
0.436618036681993,mcmc
0.431099005307737,mcmc
0.428202919870309,mcmc
0.439875684882203,mcmc
0.429563079682069,mcmc
0.417101469647198,mcmc
0.469917333285024,mcmc
0.432835525727054,mcmc
0.422898241064343,mcmc
0.459143693578669,mcmc
0.421830610628857,mcmc
0.444076397300872,mcmc
0.432061492944101,mcmc
0.444037766396576,mcmc
0.431838989935174,mcmc
0.424598580592455,mcmc
0.441395654226324,mcmc
0.435204930557545,mcmc
0.437820762333646,mcmc
0.45205150008194,mcmc
0.43819578081475,mcmc
0.434535515150788,mcmc
0.43089506801235,mcmc
0.438754849594063,mcmc
0.429409264241752,mcmc
0.423687669263721,mcmc
0.416147422783718,mcmc
0.422712175440092,mcmc
0.431922156792827,mcmc
0.426477713837082,mcmc
0.439416455183491,mcmc
0.428557400157865,mcmc
0.451783802242787,mcmc
0.428145587595635,mcmc
0.435175839149184,mcmc
0.441907390233347,mcmc
0.451984441108893,mcmc
0.42305443588398,mcmc
0.436172122306565,mcmc
0.433928732864808,mcmc
0.444753408752124,mcmc
0.412658172219742,mcmc
0.451212576293889,mcmc
0.452938675809463,mcmc
0.418664365599233,mcmc
0.421224400194166,mcmc
0.436904968626393,mcmc
0.435351515000033,mcmc
0.442358593083913,mcmc
0.424316234065997,mcmc
0.473175361430158,mcmc
0.447290583284287,mcmc
0.456554340284318,mcmc
0.421257505174536,mcmc
0.433497151004782,mcmc
0.412720364775067,mcmc
0.448945323325898,mcmc
0.428351936197682,mcmc
0.453283785073563,mcmc
0.446444563436487,mcmc
0.460915716178302,mcmc
0.429653259454122,mcmc
0.430425212993142,mcmc
0.416598539313931,mcmc
0.435788466472789,mcmc
0.432220762310315,mcmc
0.436831025318454,mcmc
0.439375275148608,mcmc
0.452793565552521,mcmc
0.439642184751055,mcmc
0.437052060106597,mcmc
0.430153860748111,mcmc
0.452536023515538,mcmc
0.438009077188475,mcmc
0.440224471458037,mcmc
0.459348311407047,mcmc
0.4417255397745,mcmc
0.438089870993645,mcmc
0.431624465592323,mcmc
0.440262890476823,mcmc
0.421228714612558,mcmc
0.446436003354713,mcmc
0.425151459700759,mcmc
0.425352331996748,mcmc
0.4322977179811,mcmc
0.43659024969329,mcmc
0.438642643192943,mcmc
0.429891254144771,mcmc
0.428429978944682,mcmc
0.418300283391282,mcmc
0.431194329120864,mcmc
0.434743817022123,mcmc
0.429500896737759,mcmc
0.416578586707167,mcmc
0.429029226343161,mcmc
0.436226325909105,mcmc
0.411591082761422,mcmc
0.439715293574528,mcmc
0.418745395672106,mcmc
0.434474314311735,mcmc
0.450614609693492,mcmc
0.431153249373592,mcmc
0.432099737798316,mcmc
0.437241823342261,mcmc
0.432523029307035,mcmc
0.415470749709386,mcmc
0.426815905999493,mcmc
0.436135240085723,mcmc
0.434456565980925,mcmc
0.4144747333193,mcmc
0.437038938703511,mcmc
0.412398766214558,mcmc
0.434478636271631,mcmc
0.425753168214911,mcmc
0.434824447996828,mcmc
0.43496125967374,mcmc
0.421592638677034,mcmc
0.461472553662452,mcmc
0.442993169028658,mcmc
0.44093575372835,mcmc
0.431805913558219,mcmc
0.463855634258924,mcmc
0.448989670633922,mcmc
0.432694363527134,mcmc
0.444883245729343,mcmc
0.435332644590353,mcmc
0.42881015816948,mcmc
0.433606121501443,mcmc
0.44248098181365,mcmc
0.437951974916718,mcmc
0.435666539345659,mcmc
0.429700705183056,mcmc
0.460893565422834,mcmc
0.439623230270401,mcmc
0.433627206020856,mcmc
0.432837322288524,mcmc
0.432415196682629,mcmc
0.423419149943624,mcmc
0.435487511441015,mcmc
0.441811638534096,mcmc
0.452017802637081,mcmc
0.452804157822406,mcmc
0.437205586989686,mcmc
0.423996278474637,mcmc
0.44265035705,mcmc
0.450312708166942,mcmc
0.426964326110023,mcmc
0.443311542200899,mcmc
0.435651875722422,mcmc
0.409497926947342,mcmc
0.426930283864737,mcmc
0.430548119944004,mcmc
0.438124829922235,mcmc
0.446569372976892,mcmc
0.460482047269518,mcmc
0.41947214112502,mcmc
0.419802471976671,mcmc
0.422265704588356,mcmc
0.422633534239897,mcmc
0.422316895980505,mcmc
0.436029726800159,mcmc
0.432925063241134,mcmc
0.416802604924899,mcmc
0.444928924837236,mcmc
0.421691915505995,mcmc
0.4559829024224,mcmc
0.445271996464874,mcmc
0.448967589735704,mcmc
0.444323167889387,mcmc
0.415050972172445,mcmc
0.432682953446253,mcmc
0.446586785809006,mcmc
0.417006514939549,mcmc
0.436448380272658,mcmc
0.428690885125599,mcmc
0.423403350484025,mcmc
0.427120601248081,mcmc
0.420247901475976,mcmc
0.44461574535845,mcmc
0.443141630302495,mcmc
0.446359948396561,mcmc
0.42453454696861,mcmc
0.447908692286943,mcmc
0.41572443043759,mcmc
0.431739118679195,mcmc
0.452258216387112,mcmc
0.461505470613686,mcmc
0.442692794870392,mcmc
0.433314305037509,mcmc
0.438308721643068,mcmc
0.433384625510289,mcmc
0.437276703609803,mcmc
0.435263418782725,mcmc
0.443249213701047,mcmc
0.443830675913429,mcmc
0.427652828633711,mcmc
0.44301814539087,mcmc
0.429453362691293,mcmc
0.428388003409582,mcmc
0.42965986924197,mcmc
0.444083095343232,mcmc
0.437618051967119,mcmc
0.439477862670135,mcmc
0.431020360228138,mcmc
0.444446276359361,mcmc
0.420435682290781,mcmc
0.424235325111758,mcmc
0.427349099158848,mcmc
0.450470020665213,mcmc
0.438280510989416,mcmc
0.424085485431846,mcmc
0.435269891266915,mcmc
0.439753716274113,mcmc
0.414679747582697,mcmc
0.452093689774416,mcmc
0.421890195419606,mcmc
0.414046238906786,mcmc
0.460912361966031,mcmc
0.433785217973672,mcmc
0.45540113033756,mcmc
0.424856820383337,mcmc
0.437350785183849,mcmc
0.431713359349443,mcmc
0.462435643638406,mcmc
0.432225455903257,mcmc
0.4477804758359,mcmc
0.426384364825941,mcmc
0.445591720236229,mcmc
0.441509174968746,mcmc
0.43337498308667,mcmc
0.436531716507523,mcmc
0.437525110289472,mcmc
0.404250619081231,mcmc
0.445002957723955,mcmc
0.448019230797678,mcmc
0.422555136739829,mcmc
0.43477304476892,mcmc
0.412674934765287,mcmc
0.433488535377007,mcmc
0.439488331929606,mcmc
0.447071649160266,mcmc
0.430943469755865,mcmc
0.442584899887864,mcmc
0.418999303882918,mcmc
0.417259412842834,mcmc
0.401785650394078,mcmc
0.41779950515583,mcmc
0.444432485018692,mcmc
0.417795926346196,mcmc
0.432336053410338,mcmc
0.423036577822788,mcmc
0.4437339264718,mcmc
0.455176728110057,mcmc
0.450338191402588,mcmc
0.444550464516096,mcmc
0.460429432198503,mcmc
0.428920928164769,mcmc
0.433590707587896,mcmc
0.411239908300714,mcmc
0.436851042070664,mcmc
0.439360803423411,mcmc
0.427567737039938,mcmc
0.450088412926731,mcmc
0.423407418345282,mcmc
0.427516081984522,mcmc
0.436699134167,mcmc
0.452423575786249,mcmc
0.416251275262481,mcmc
0.465096330104941,mcmc
0.437683082652505,mcmc
0.426355540169437,mcmc
0.442742309992965,mcmc
0.438703399153608,mcmc
0.420959053775287,mcmc
0.445717249356366,mcmc
0.421958344839975,mcmc
0.436587984205859,mcmc
0.427222004560347,mcmc
0.422226560691643,mcmc
0.432883821075451,mcmc
0.435462453156291,mcmc
0.412361137876424,mcmc
0.451932741803493,mcmc
0.435223684121635,mcmc
0.447121385610556,mcmc
0.446407007382376,mcmc
0.434761749920799,mcmc
0.424972019501312,mcmc
0.423010228491411,mcmc
0.442744832023779,mcmc
0.441457827952668,mcmc
0.426123752388019,mcmc
0.444224937273378,mcmc
0.424958717548947,mcmc
0.429343574887047,mcmc
0.425460412380689,mcmc
0.451510984661468,mcmc
0.434423514544261,mcmc
0.431481338552785,mcmc
0.431282044796386,mcmc
0.43067987352538,mcmc
0.446096719740933,mcmc
0.459841192665398,mcmc
0.426930060633611,mcmc
0.446025569533413,mcmc
0.432514498821706,mcmc
0.43474263175468,mcmc
0.442383255542829,mcmc
0.43721547614741,mcmc
0.435869739357386,mcmc
0.418430920841886,mcmc
0.429656861938016,mcmc
0.434089401537242,mcmc
0.451026800702314,mcmc
0.430180299373362,mcmc
0.449812156440082,mcmc
0.44431342111415,mcmc
0.435021602555685,mcmc
0.441869964775922,mcmc
0.435620524525018,mcmc
0.436532852954173,mcmc
0.458560226304198,mcmc
0.442561114328978,mcmc
0.412497289244806,mcmc
0.447896828242292,mcmc
0.436342831878581,mcmc
0.43339395718433,mcmc
0.459708422175782,mcmc
0.425399474466448,mcmc
0.438520940195845,mcmc
0.454151397761291,mcmc
0.427838578768682,mcmc
0.44094951407841,mcmc
0.433636476740339,mcmc
0.449288548197136,mcmc
0.436699783923589,mcmc
0.429918863604123,mcmc
0.436770595208805,mcmc
0.441698727749112,mcmc
0.460719527080694,mcmc
0.420565286425919,mcmc
0.444552638890716,mcmc
0.437308341143672,mcmc
0.443681839702483,mcmc
0.431380823964702,mcmc
0.435633732837718,mcmc
0.424633065491228,mcmc
0.438210602192425,mcmc
0.437548475331954,mcmc
0.444952094423299,mcmc
0.45042920469603,mcmc
0.448028648983834,mcmc
0.412836878620058,mcmc
0.418070037231175,mcmc
0.429204837032354,mcmc
0.430176767285794,mcmc
0.456438156424504,mcmc
0.428535041181067,mcmc
0.456873955861688,mcmc
0.42674731958125,mcmc
0.419062029381723,mcmc
0.405533068106712,mcmc
0.428787545142402,mcmc
0.444822335664388,mcmc
0.453041511430646,mcmc
0.45048511388396,mcmc
0.435224636435301,mcmc
0.434066408336204,mcmc
0.422792893503493,mcmc
0.436099915561556,mcmc
0.43369461654865,mcmc
0.412701632673409,mcmc
0.424690483973769,mcmc
0.438285909626998,mcmc
0.433391564851839,mcmc
0.443526599423452,mcmc
0.443101308502768,mcmc
0.449157076612089,mcmc
0.442064432422227,mcmc
0.448111085848962,mcmc
0.436916116556206,mcmc
0.432083736544427,mcmc
0.443621276546967,mcmc
0.444240267024584,mcmc
0.428798817321968,mcmc
0.446831673854907,mcmc
0.437753798373737,mcmc
0.422236535818642,mcmc
0.454470036417587,mcmc
0.41990044965702,mcmc
0.454151087715587,mcmc
0.415321797492512,mcmc
0.420753770303847,mcmc
0.417629820869127,mcmc
0.435903865876244,mcmc
0.45572312004308,mcmc
0.427402976085547,mcmc
0.439654787512214,mcmc
0.429823622086088,mcmc
0.416710749013689,mcmc
0.421100547874505,mcmc
0.423165229244815,mcmc
0.44250416849684,mcmc
0.415116104370676,mcmc
0.463154181970729,mcmc
0.441754815721041,mcmc
0.445367007669766,mcmc
0.435093227594691,mcmc
0.434236693423165,mcmc
0.421310916892704,mcmc
0.404973822113255,mcmc
0.460509241141565,mcmc
0.436357190445226,mcmc
0.440011245430414,mcmc
0.443872155504353,mcmc
0.450898340865204,mcmc
0.444733882089983,mcmc
0.435869929785187,mcmc
0.429632713960812,mcmc
0.426043699770113,mcmc
0.433799198689683,mcmc
0.444035068636821,mcmc
0.446053018815501,mcmc
0.424822226664129,mcmc
0.42309265106148,mcmc
0.442474149400528,mcmc
0.448083981176855,mcmc
0.435170660314852,mcmc
0.429547096265616,mcmc
0.433848919175354,mcmc
0.422764840170346,mcmc
0.428090188203715,mcmc
0.425090095656692,mcmc
0.453634640558798,mcmc
0.438004663927219,mcmc
0.429204037991613,mcmc
0.421398128369269,mcmc
0.435140169194682,mcmc
0.432111487989111,mcmc
0.432628691486542,mcmc
0.431930422866191,mcmc
0.45600512793375,mcmc
0.426753838919122,mcmc
